logged_at,exam,event,title,schedule,window_start,window_end,status,spots
2026-09-30 11:16,TEF,initial,TEF Canada - October 1 - Speaking and Listening*,Thursday 01 Oct 2026 - 1:30pm▸2:10pm,2026-09-02T10:00:00-06:00,2026-09-02T16:00:00-06:00,sold_out,
2026-09-30 11:16,TEF,initial,TEF Canada - October 1,Thursday 01 Oct 2026 - 9:20am▸12pm,2026-09-21T09:55:00-06:00,2026-09-21T17:55:00-06:00,sold_out,
2026-09-30 11:16,TEF,initial,TEF Canada - October 6,Tuesday 06 Oct 2026 - 9:20am▸12pm,2026-09-09T14:46:00-06:00,2026-09-09T22:45:00-06:00,sold_out,
2026-09-30 11:16,TEF,initial,TEF Canada - October 6*,Tuesday 06 Oct 2026 - 1:30pm▸4:10pm,2026-09-11T10:45:00-06:00,2026-09-11T16:00:00-06:00,sold_out,
2026-09-30 11:16,TEF,initial,TEF Canada - October 8,Thursday 08 Oct 2026 - 9:20am▸12pm,2026-09-11T10:40:00-06:00,2026-09-11T16:00:00-06:00,sold_out,
2026-09-30 11:16,TEF,initial,TEF Canada - October 8*,Thursday 08 Oct 2026 - 1:30pm▸4:10pm,2026-09-11T10:40:00-06:00,2026-09-11T16:30:00-06:00,sold_out,
2026-09-30 11:16,TEF,initial,TEF Canada - October 13,Tuesday 13 Oct 2026 - 9:20am▸12pm,2026-09-16T11:02:00-06:00,2026-09-16T16:05:00-06:00,sold_out,
2026-09-30 11:16,TEF,initial,TEF Canada - October 13*,Tuesday 13 Oct 2026 - 1:30pm▸4:10pm,2026-09-16T11:00:00-06:00,2026-09-16T16:00:00-06:00,sold_out,
2026-09-30 11:16,TEF,initial,TEF Canada - October 20,Tuesday 20 Oct 2026 - 9:20am▸12pm,2026-09-20T10:15:00-06:00,2026-09-20T16:00:00-06:00,sold_out,
2026-09-30 11:16,TEF,initial,TEF Canada - October 20 - Speaking and Listening*,Tuesday 20 Oct 2026 - 1:30pm▸2:10pm,2026-09-21T12:45:00-06:00,2026-09-21T16:00:00-06:00,sold_out,
2026-09-30 11:16,TEF,initial,TEF Canada - October 22,Thursday 22 Oct 2026 - 9:20am▸12pm,2026-09-22T15:47:00-06:00,2026-09-22T22:00:00-06:00,sold_out,
2026-09-30 11:16,TEF,initial,TEF Canada - October 22*,Thursday 22 Oct 2026 - 1:30pm▸4:10pm,2026-09-22T15:48:00-06:00,2026-09-22T22:00:00-06:00,sold_out,
2026-09-30 11:16,TEF,initial,TEF Canada - October 27,Tuesday 27 Oct 2026 - 9:20am▸12:20pm,2026-09-25T10:30:00-06:00,2026-09-25T22:00:00-06:00,sold_out,
2026-09-30 11:16,TEF,initial,TEF Canada - October 27*,Tuesday 27 Oct 2026 - 1:30pm▸4:10pm,2026-09-25T10:30:00-06:00,2026-09-25T22:00:00-06:00,sold_out,
2026-09-30 11:16,TEF,initial,TEF Canada - October 29,Thursday 29 Oct 2026 - 9:20am▸12pm,2026-09-28T12:20:00-06:00,2026-09-28T22:00:00-06:00,sold_out,
2026-09-30 11:16,TCF,initial,TCF Canada - October 2,Friday 02 Oct 2026 - 9:20am▸12:20pm,2026-09-02T11:15:00-06:00,2026-09-02T12:15:00-06:00,sold_out,
2026-09-30 11:16,TCF,initial,TCF Canada - October 2*,Friday 02 Oct 2026 - 1:30pm▸4:30pm,2026-09-02T14:00:00-06:00,2026-09-02T15:00:00-06:00,sold_out,
2026-09-30 11:16,TCF,initial,TCF Canada - October 5,Monday 05 Oct 2026 - 9:20am▸12:20pm,2026-09-08T16:11:00-06:00,2026-09-08T17:15:00-06:00,sold_out,
2026-09-30 11:16,TCF,initial,TCF Canada - October 5*,Monday 05 Oct 2026 - 1:30pm▸4:30pm,2026-09-23T11:00:00-06:00,2026-09-23T12:00:00-06:00,sold_out,
2026-09-30 11:16,TCF,initial,TCF Canada - October 7,Wednesday 07 Oct 2026 - 9:20am▸12:20pm,2026-09-08T16:17:00-06:00,2026-09-08T17:17:00-06:00,sold_out,
2026-09-30 11:16,TCF,initial,TCF Canada - October 7*,Wednesday 07 Oct 2026 - 1:30pm▸4:30pm,2026-09-11T12:18:00-06:00,2026-09-11T13:18:00-06:00,sold_out,
2026-09-30 11:16,TCF,initial,TCF Canada - October 9,Friday 09 Oct 2026 - 9:20am▸12:20pm,2026-09-09T14:30:00-06:00,2026-09-09T15:30:00-06:00,sold_out,
2026-09-30 11:16,TCF,initial,TCF Canada - October 9*,Friday 09 Oct 2026 - 1:30pm▸4:30pm,2026-09-09T14:35:00-06:00,2026-09-09T15:35:00-06:00,sold_out,
2026-09-30 11:16,TCF,initial,TCF Canada - October 14,Wednesday 14 Oct 2026 - 9:20am▸12:20pm,2026-09-14T13:33:00-06:00,2026-09-14T14:33:00-06:00,sold_out,
2026-09-30 11:16,TCF,initial,TCF Canada - October 14*,Wednesday 14 Oct 2026 - 1:30pm▸4:30pm,2026-09-14T13:33:00-06:00,2026-09-14T14:33:00-06:00,sold_out,
2026-09-30 11:16,TCF,initial,TCF Canada - October 15,Thursday 15 Oct 2026 - 9:30am▸12:30pm,2026-09-21T17:30:00-06:00,2026-09-21T18:30:00-06:00,sold_out,
2026-09-30 11:16,TCF,initial,TCF Canada - October 15*,Thursday 15 Oct 2026 - 1:30pm▸4:30pm,2026-09-23T11:00:00-06:00,2026-09-23T12:00:00-06:00,sold_out,
2026-09-30 11:16,TCF,initial,TCF Canada - October 16,Friday 16 Oct 2026 - 9:20am▸12:20pm,2026-09-16T12:33:00-06:00,2026-09-16T13:33:00-06:00,sold_out,
2026-09-30 11:16,TCF,initial,TCF Canada - October 16*,Friday 16 Oct 2026 - 1:30pm▸4:30pm,2026-09-16T12:36:00-06:00,2026-09-16T13:36:00-06:00,sold_out,
2026-09-30 11:16,TCF,initial,TCF Canada - October 19,Monday 19 Oct 2026 - 9:20am▸12:20pm,2026-09-21T10:35:00-06:00,2026-09-21T17:33:00-06:00,sold_out,
2026-10-02 00:26,TEF,new,TEF Canada - October 29*,Thursday 29 Oct 2026 - 1:30pm▸4:10pm,2026-09-28T12:20:00-06:00,2026-09-28T22:00:00-06:00,sold_out,
2026-10-02 00:26,TEF,new,TEF Canada - November 3,Tuesday 03 Nov 2026 - 9:20am▸12:10pm,2026-10-01T10:30:00-06:00,2026-10-01T22:00:00-06:00,sold_out,
2026-10-02 00:26,TEF,removed,TEF Canada - October 1 - Speaking and Listening*,Thursday 01 Oct 2026 - 1:30pm▸2:10pm,2026-09-02T10:00:00-06:00,2026-09-02T16:00:00-06:00,sold_out,
2026-10-02 00:26,TEF,removed,TEF Canada - October 1,Thursday 01 Oct 2026 - 9:20am▸12pm,2026-09-21T09:55:00-06:00,2026-09-21T17:55:00-06:00,sold_out,
